time (s),VT("/net5")*IT("/V2/PLUS")
0.000,-55.05E-6
2.500E-9,-60.11E-6
3.397E-9,-62.92E-6
5.191E-9,-67.10E-6
6.482E-9,-69.18E-6
7.719E-9,-71.29E-6
8.906E-9,-73.26E-6
10.00E-9,-75.06E-6
10.37E-9,-75.44E-6
10.89E-9,-76.01E-6
11.36E-9,-76.63E-6
12.30E-9,-77.76E-6
13.42E-9,-79.10E-6
15.66E-9,-81.48E-6
20.14E-9,-85.53E-6
28.87E-9,-90.94E-6
39.94E-9,-94.83E-6
54.87E-9,-97.41E-6
72.36E-9,-99.12E-6
78.19E-9,-99.51E-6
89.84E-9,-100.3E-6
101.1E-9,-100.9E-6
109.6E-9,-100.9E-6
118.2E-9,-99.93E-6
125.2E-9,-98.43E-6
135.8E-9,-95.00E-6
147.1E-9,-90.64E-6
166.4E-9,-83.45E-6
186.7E-9,-77.85E-6
213.9E-9,-73.55E-6
240.1E-9,-72.00E-6
268.9E-9,-71.39E-6
302.4E-9,-71.52E-6
347.7E-9,-71.54E-6
420.6E-9,-71.71E-6
542.9E-9,-71.57E-6
717.9E-9,-71.69E-6
1.013E-6,-71.58E-6
1.491E-6,-71.69E-6
2.276E-6,-71.58E-6
3.589E-6,-71.69E-6
5.761E-6,-71.58E-6
7.885E-6,-71.69E-6
10.01E-6,-71.58E-6
10.02E-6,-60.83E-6
10.02E-6,-59.90E-6
10.02E-6,-58.63E-6
10.02E-6,-57.30E-6
10.03E-6,-54.99E-6
10.03E-6,-52.13E-6
10.04E-6,-48.30E-6
10.06E-6,-45.12E-6
10.08E-6,-42.43E-6
10.10E-6,-40.65E-6
10.13E-6,-38.97E-6
10.15E-6,-37.39E-6
10.17E-6,-36.20E-6
10.18E-6,-36.71E-6
10.19E-6,-38.69E-6
10.21E-6,-43.54E-6
10.23E-6,-48.87E-6
10.25E-6,-52.76E-6
10.28E-6,-54.37E-6
10.31E-6,-54.82E-6
10.34E-6,-54.93E-6
10.39E-6,-54.99E-6
10.45E-6,-55.00E-6
10.57E-6,-55.04E-6
10.71E-6,-55.03E-6
10.98E-6,-55.06E-6
11.31E-6,-55.04E-6
11.98E-6,-55.06E-6
12.75E-6,-55.04E-6
14.16E-6,-55.06E-6
16.22E-6,-55.04E-6
18.11E-6,-55.06E-6
20.00E-6,-55.04E-6
20.00E-6,-60.11E-6
20.00E-6,-62.19E-6
20.00E-6,-65.84E-6
20.01E-6,-67.86E-6
20.01E-6,-69.85E-6
20.01E-6,-71.74E-6
20.01E-6,-74.96E-6
20.01E-6,-75.34E-6
20.01E-6,-76.09E-6
20.01E-6,-76.91E-6
20.01E-6,-78.14E-6
20.01E-6,-79.66E-6
20.02E-6,-82.20E-6
20.02E-6,-86.20E-6
20.03E-6,-91.48E-6
20.04E-6,-95.23E-6
20.06E-6,-97.65E-6
20.07E-6,-99.32E-6
20.08E-6,-99.71E-6
20.09E-6,-100.5E-6
20.10E-6,-100.9E-6
20.11E-6,-101.0E-6
20.11E-6,-100.9E-6
20.11E-6,-100.5E-6
20.12E-6,-98.60E-6
20.13E-6,-96.32E-6
20.14E-6,-91.68E-6
20.16E-6,-84.33E-6
20.18E-6,-78.41E-6
20.21E-6,-74.14E-6
20.24E-6,-72.07E-6
20.26E-6,-71.53E-6
20.30E-6,-71.40E-6
20.34E-6,-71.62E-6
20.40E-6,-71.61E-6
20.53E-6,-71.67E-6
20.69E-6,-71.59E-6
20.99E-6,-71.68E-6
21.48E-6,-71.59E-6
22.30E-6,-71.68E-6
23.72E-6,-71.58E-6
26.15E-6,-71.68E-6
30.01E-6,-71.58E-6
30.02E-6,-60.83E-6
30.02E-6,-59.90E-6
30.02E-6,-58.63E-6
30.02E-6,-57.30E-6
30.03E-6,-54.99E-6
30.03E-6,-52.13E-6
30.04E-6,-48.30E-6
30.06E-6,-45.11E-6
30.08E-6,-42.43E-6
30.10E-6,-40.65E-6
30.13E-6,-38.97E-6
30.15E-6,-37.38E-6
30.17E-6,-36.20E-6
30.18E-6,-36.71E-6
30.19E-6,-38.70E-6
30.21E-6,-43.55E-6
30.23E-6,-48.88E-6
30.25E-6,-52.76E-6
30.28E-6,-54.37E-6
30.31E-6,-54.82E-6
30.34E-6,-54.93E-6
30.39E-6,-54.99E-6
30.45E-6,-55.00E-6
30.57E-6,-55.04E-6
30.71E-6,-55.03E-6
30.98E-6,-55.06E-6
31.32E-6,-55.04E-6
31.98E-6,-55.06E-6
32.76E-6,-55.04E-6
34.17E-6,-55.06E-6
36.24E-6,-55.04E-6
38.12E-6,-55.06E-6
40.00E-6,-55.04E-6
40.00E-6,-60.11E-6
40.00E-6,-62.19E-6
40.00E-6,-65.84E-6
40.01E-6,-67.86E-6
40.01E-6,-69.85E-6
40.01E-6,-71.74E-6
40.01E-6,-74.96E-6
40.01E-6,-75.34E-6
40.01E-6,-76.09E-6
40.01E-6,-76.91E-6
40.01E-6,-78.14E-6
40.01E-6,-79.66E-6
40.02E-6,-82.20E-6
40.02E-6,-86.20E-6
40.03E-6,-91.48E-6
40.04E-6,-95.23E-6
40.06E-6,-97.65E-6
40.07E-6,-99.32E-6
40.08E-6,-99.71E-6
40.09E-6,-100.5E-6
40.10E-6,-100.9E-6
40.11E-6,-101.0E-6
40.11E-6,-100.9E-6
40.11E-6,-100.5E-6
40.12E-6,-98.60E-6
40.13E-6,-96.32E-6
40.14E-6,-91.68E-6
40.16E-6,-84.33E-6
40.18E-6,-78.41E-6
40.21E-6,-74.14E-6
40.24E-6,-72.07E-6
40.26E-6,-71.53E-6
40.30E-6,-71.40E-6
40.34E-6,-71.62E-6
40.40E-6,-71.61E-6
40.53E-6,-71.67E-6
40.69E-6,-71.59E-6
40.99E-6,-71.68E-6
41.48E-6,-71.59E-6
42.30E-6,-71.68E-6
43.72E-6,-71.58E-6
46.15E-6,-71.68E-6
50.01E-6,-71.58E-6
50.02E-6,-60.83E-6
50.02E-6,-59.90E-6
50.02E-6,-58.63E-6
50.02E-6,-57.30E-6
50.03E-6,-54.99E-6
50.03E-6,-52.13E-6
50.04E-6,-48.30E-6
50.06E-6,-45.11E-6
50.08E-6,-42.43E-6
50.10E-6,-40.65E-6
50.13E-6,-38.97E-6
50.15E-6,-37.38E-6
50.17E-6,-36.20E-6
50.18E-6,-36.71E-6
50.19E-6,-38.70E-6
50.21E-6,-43.55E-6
50.23E-6,-48.88E-6
50.25E-6,-52.76E-6
50.28E-6,-54.37E-6
50.31E-6,-54.82E-6
50.34E-6,-54.93E-6
50.39E-6,-54.99E-6
50.45E-6,-55.00E-6
50.57E-6,-55.04E-6
50.71E-6,-55.03E-6
50.98E-6,-55.06E-6
51.32E-6,-55.04E-6
51.98E-6,-55.06E-6
52.76E-6,-55.04E-6
54.17E-6,-55.06E-6
56.24E-6,-55.04E-6
58.12E-6,-55.06E-6
60.00E-6,-55.04E-6
60.00E-6,-60.11E-6
60.00E-6,-62.19E-6
60.00E-6,-65.84E-6
60.01E-6,-67.86E-6
60.01E-6,-69.85E-6
60.01E-6,-71.74E-6
60.01E-6,-74.96E-6
60.01E-6,-75.34E-6
60.01E-6,-76.09E-6
60.01E-6,-76.91E-6
60.01E-6,-78.14E-6
60.01E-6,-79.66E-6
60.02E-6,-82.20E-6
60.02E-6,-86.20E-6
60.03E-6,-91.48E-6
60.04E-6,-95.23E-6
60.06E-6,-97.65E-6
60.07E-6,-99.32E-6
60.08E-6,-99.71E-6
60.09E-6,-100.5E-6
60.10E-6,-100.9E-6
60.11E-6,-101.0E-6
60.11E-6,-100.9E-6
60.11E-6,-100.5E-6
60.12E-6,-98.60E-6
60.13E-6,-96.32E-6
60.14E-6,-91.68E-6
60.16E-6,-84.33E-6
60.18E-6,-78.41E-6
60.21E-6,-74.14E-6
60.24E-6,-72.07E-6
60.26E-6,-71.53E-6
60.30E-6,-71.40E-6
60.34E-6,-71.62E-6
60.40E-6,-71.61E-6
60.53E-6,-71.67E-6
60.69E-6,-71.59E-6
60.99E-6,-71.68E-6
61.48E-6,-71.59E-6
62.30E-6,-71.68E-6
63.72E-6,-71.58E-6
66.15E-6,-71.68E-6
70.01E-6,-71.58E-6
70.02E-6,-60.83E-6
70.02E-6,-59.90E-6
70.02E-6,-58.63E-6
70.02E-6,-57.30E-6
70.03E-6,-54.99E-6
70.03E-6,-52.13E-6
70.04E-6,-48.30E-6
70.06E-6,-45.11E-6
70.08E-6,-42.43E-6
70.10E-6,-40.65E-6
70.13E-6,-38.97E-6
70.15E-6,-37.38E-6
70.17E-6,-36.20E-6
70.18E-6,-36.71E-6
70.19E-6,-38.70E-6
70.21E-6,-43.55E-6
70.23E-6,-48.88E-6
70.25E-6,-52.76E-6
70.28E-6,-54.37E-6
70.31E-6,-54.82E-6
70.34E-6,-54.93E-6
70.39E-6,-54.99E-6
70.45E-6,-55.00E-6
70.57E-6,-55.04E-6
70.71E-6,-55.03E-6
70.98E-6,-55.06E-6
71.32E-6,-55.04E-6
71.98E-6,-55.06E-6
72.76E-6,-55.04E-6
74.17E-6,-55.06E-6
76.24E-6,-55.04E-6
78.12E-6,-55.06E-6
80.00E-6,-55.04E-6
80.00E-6,-60.11E-6
80.00E-6,-62.19E-6
80.00E-6,-65.84E-6
80.01E-6,-67.86E-6
80.01E-6,-69.85E-6
80.01E-6,-71.74E-6
80.01E-6,-74.96E-6
80.01E-6,-75.34E-6
80.01E-6,-76.09E-6
80.01E-6,-76.91E-6
80.01E-6,-78.14E-6
80.01E-6,-79.66E-6
80.02E-6,-82.20E-6
80.02E-6,-86.20E-6
80.03E-6,-91.48E-6
80.04E-6,-95.23E-6
80.06E-6,-97.65E-6
80.07E-6,-99.32E-6
80.08E-6,-99.71E-6
80.09E-6,-100.5E-6
80.10E-6,-100.9E-6
80.11E-6,-101.0E-6
80.11E-6,-100.9E-6
80.11E-6,-100.5E-6
80.12E-6,-98.60E-6
80.13E-6,-96.32E-6
80.14E-6,-91.68E-6
80.16E-6,-84.33E-6
80.18E-6,-78.41E-6
80.21E-6,-74.14E-6
80.24E-6,-72.07E-6
80.26E-6,-71.53E-6
80.30E-6,-71.40E-6
80.34E-6,-71.62E-6
80.40E-6,-71.61E-6
80.53E-6,-71.67E-6
80.69E-6,-71.59E-6
80.99E-6,-71.68E-6
81.48E-6,-71.59E-6
82.30E-6,-71.68E-6
83.72E-6,-71.58E-6
86.15E-6,-71.68E-6
90.01E-6,-71.58E-6
90.02E-6,-60.83E-6
90.02E-6,-59.90E-6
90.02E-6,-58.63E-6
90.02E-6,-57.30E-6
90.03E-6,-54.99E-6
90.03E-6,-52.13E-6
90.04E-6,-48.30E-6
90.06E-6,-45.11E-6
90.08E-6,-42.43E-6
90.10E-6,-40.65E-6
90.13E-6,-38.97E-6
90.15E-6,-37.38E-6
90.17E-6,-36.20E-6
90.18E-6,-36.71E-6
90.19E-6,-38.70E-6
90.21E-6,-43.55E-6
90.23E-6,-48.88E-6
90.25E-6,-52.76E-6
90.28E-6,-54.37E-6
90.31E-6,-54.82E-6
90.34E-6,-54.93E-6
90.39E-6,-54.99E-6
90.45E-6,-55.00E-6
90.57E-6,-55.04E-6
90.71E-6,-55.03E-6
90.98E-6,-55.06E-6
91.32E-6,-55.04E-6
91.98E-6,-55.06E-6
92.76E-6,-55.04E-6
94.17E-6,-55.06E-6
96.24E-6,-55.04E-6
98.12E-6,-55.06E-6
100.0E-6,-55.04E-6
100.0E-6,-60.11E-6
100.0E-6,-62.19E-6
100.0E-6,-65.84E-6
100.0E-6,-67.86E-6
100.0E-6,-69.85E-6
100.0E-6,-71.74E-6
100.0E-6,-74.96E-6
100.0E-6,-75.34E-6
100.0E-6,-76.09E-6
100.0E-6,-76.91E-6
100.0E-6,-78.14E-6
100.0E-6,-79.66E-6
100.0E-6,-82.20E-6
100.0E-6,-86.20E-6
100.0E-6,-91.48E-6
100.0E-6,-95.23E-6
100.1E-6,-97.65E-6
100.1E-6,-99.32E-6
100.1E-6,-99.71E-6
100.1E-6,-100.5E-6
100.1E-6,-100.9E-6
100.1E-6,-101.0E-6
100.1E-6,-100.9E-6
100.1E-6,-100.5E-6
100.1E-6,-98.60E-6
100.1E-6,-96.32E-6
100.1E-6,-91.68E-6
100.2E-6,-84.33E-6
100.2E-6,-78.41E-6
100.2E-6,-74.14E-6
100.2E-6,-72.07E-6
100.3E-6,-71.53E-6
100.3E-6,-71.40E-6
100.3E-6,-71.62E-6
100.4E-6,-71.61E-6
100.5E-6,-71.67E-6
100.7E-6,-71.59E-6
101.0E-6,-71.68E-6
101.5E-6,-71.59E-6
102.3E-6,-71.68E-6
103.7E-6,-71.58E-6
106.1E-6,-71.68E-6
110.0E-6,-71.58E-6
110.0E-6,-60.83E-6
110.0E-6,-59.90E-6
110.0E-6,-58.63E-6
110.0E-6,-57.30E-6
110.0E-6,-54.99E-6
110.0E-6,-52.13E-6
110.0E-6,-48.30E-6
110.1E-6,-45.11E-6
110.1E-6,-42.43E-6
110.1E-6,-40.65E-6
110.1E-6,-38.97E-6
110.1E-6,-37.38E-6
110.2E-6,-36.20E-6
110.2E-6,-36.71E-6
110.2E-6,-38.70E-6
110.2E-6,-43.55E-6
110.2E-6,-48.88E-6
110.3E-6,-52.76E-6
110.3E-6,-54.37E-6
110.3E-6,-54.82E-6
110.3E-6,-54.93E-6
110.4E-6,-54.99E-6
110.4E-6,-55.00E-6
110.6E-6,-55.04E-6
110.7E-6,-55.03E-6
111.0E-6,-55.06E-6
111.3E-6,-55.04E-6
112.0E-6,-55.06E-6
112.8E-6,-55.04E-6
114.2E-6,-55.06E-6
116.2E-6,-55.04E-6
118.1E-6,-55.06E-6
120.0E-6,-55.04E-6
120.0E-6,-60.11E-6
120.0E-6,-62.19E-6
120.0E-6,-65.84E-6
120.0E-6,-67.86E-6
120.0E-6,-69.85E-6
120.0E-6,-71.74E-6
120.0E-6,-74.96E-6
120.0E-6,-75.34E-6
120.0E-6,-76.09E-6
120.0E-6,-76.91E-6
120.0E-6,-78.14E-6
120.0E-6,-79.66E-6
120.0E-6,-82.20E-6
120.0E-6,-86.20E-6
120.0E-6,-91.48E-6
120.0E-6,-95.23E-6
120.1E-6,-97.65E-6
120.1E-6,-99.32E-6
120.1E-6,-99.71E-6
120.1E-6,-100.5E-6
120.1E-6,-100.9E-6
120.1E-6,-101.0E-6
120.1E-6,-100.9E-6
120.1E-6,-100.5E-6
120.1E-6,-98.60E-6
120.1E-6,-96.32E-6
120.1E-6,-91.68E-6
120.2E-6,-84.33E-6
120.2E-6,-78.41E-6
120.2E-6,-74.14E-6
120.2E-6,-72.07E-6
120.3E-6,-71.53E-6
120.3E-6,-71.40E-6
120.3E-6,-71.62E-6
120.4E-6,-71.61E-6
120.5E-6,-71.67E-6
120.7E-6,-71.59E-6
121.0E-6,-71.68E-6
121.5E-6,-71.59E-6
122.3E-6,-71.68E-6
123.7E-6,-71.58E-6
126.1E-6,-71.68E-6
130.0E-6,-71.58E-6
130.0E-6,-60.83E-6
130.0E-6,-59.90E-6
130.0E-6,-58.63E-6
130.0E-6,-57.30E-6
130.0E-6,-54.99E-6
130.0E-6,-52.13E-6
130.0E-6,-48.30E-6
130.1E-6,-45.11E-6
130.1E-6,-42.43E-6
130.1E-6,-40.65E-6
130.1E-6,-38.97E-6
130.1E-6,-37.38E-6
130.2E-6,-36.20E-6
130.2E-6,-36.71E-6
130.2E-6,-38.70E-6
130.2E-6,-43.55E-6
130.2E-6,-48.88E-6
130.3E-6,-52.76E-6
130.3E-6,-54.37E-6
130.3E-6,-54.82E-6
130.3E-6,-54.93E-6
130.4E-6,-54.99E-6
130.4E-6,-55.00E-6
130.6E-6,-55.04E-6
130.7E-6,-55.03E-6
131.0E-6,-55.06E-6
131.3E-6,-55.04E-6
132.0E-6,-55.06E-6
132.8E-6,-55.04E-6
134.2E-6,-55.06E-6
136.2E-6,-55.04E-6
138.1E-6,-55.06E-6
140.0E-6,-55.04E-6
140.0E-6,-60.11E-6
140.0E-6,-62.19E-6
140.0E-6,-65.84E-6
140.0E-6,-67.86E-6
140.0E-6,-69.85E-6
140.0E-6,-71.74E-6
140.0E-6,-74.96E-6
140.0E-6,-75.34E-6
140.0E-6,-76.09E-6
140.0E-6,-76.91E-6
140.0E-6,-78.14E-6
140.0E-6,-79.66E-6
140.0E-6,-82.20E-6
140.0E-6,-86.20E-6
140.0E-6,-91.48E-6
140.0E-6,-95.23E-6
140.1E-6,-97.65E-6
140.1E-6,-99.32E-6
140.1E-6,-99.71E-6
140.1E-6,-100.5E-6
140.1E-6,-100.9E-6
140.1E-6,-101.0E-6
140.1E-6,-100.9E-6
140.1E-6,-100.5E-6
140.1E-6,-98.60E-6
140.1E-6,-96.32E-6
140.1E-6,-91.68E-6
140.2E-6,-84.33E-6
140.2E-6,-78.41E-6
140.2E-6,-74.14E-6
140.2E-6,-72.07E-6
140.3E-6,-71.53E-6
140.3E-6,-71.40E-6
140.3E-6,-71.62E-6
140.4E-6,-71.61E-6
140.5E-6,-71.67E-6
140.7E-6,-71.59E-6
141.0E-6,-71.68E-6
141.5E-6,-71.59E-6
142.3E-6,-71.68E-6
143.7E-6,-71.58E-6
146.1E-6,-71.68E-6
150.0E-6,-71.58E-6
150.0E-6,-60.83E-6
150.0E-6,-59.90E-6
150.0E-6,-58.63E-6
150.0E-6,-57.30E-6
150.0E-6,-54.99E-6
150.0E-6,-52.13E-6
150.0E-6,-48.30E-6
150.1E-6,-45.11E-6
150.1E-6,-42.43E-6
150.1E-6,-40.65E-6
150.1E-6,-38.97E-6
150.1E-6,-37.38E-6
150.2E-6,-36.20E-6
150.2E-6,-36.71E-6
150.2E-6,-38.70E-6
150.2E-6,-43.55E-6
150.2E-6,-48.88E-6
150.3E-6,-52.76E-6
150.3E-6,-54.37E-6
150.3E-6,-54.82E-6
150.3E-6,-54.93E-6
150.4E-6,-54.99E-6
150.4E-6,-55.00E-6
150.6E-6,-55.04E-6
150.7E-6,-55.03E-6
151.0E-6,-55.06E-6
151.3E-6,-55.04E-6
152.0E-6,-55.06E-6
152.8E-6,-55.04E-6
154.2E-6,-55.06E-6
156.2E-6,-55.04E-6
158.1E-6,-55.06E-6
160.0E-6,-55.04E-6
160.0E-6,-60.11E-6
160.0E-6,-62.19E-6
160.0E-6,-65.84E-6
160.0E-6,-67.86E-6
160.0E-6,-69.85E-6
160.0E-6,-71.74E-6
160.0E-6,-74.96E-6
160.0E-6,-75.34E-6
160.0E-6,-76.09E-6
160.0E-6,-76.91E-6
160.0E-6,-78.14E-6
160.0E-6,-79.66E-6
160.0E-6,-82.20E-6
160.0E-6,-86.20E-6
160.0E-6,-91.48E-6
160.0E-6,-95.23E-6
160.1E-6,-97.65E-6
160.1E-6,-99.32E-6
160.1E-6,-99.71E-6
160.1E-6,-100.5E-6
160.1E-6,-100.9E-6
160.1E-6,-101.0E-6
160.1E-6,-100.9E-6
160.1E-6,-100.5E-6
160.1E-6,-98.60E-6
160.1E-6,-96.32E-6
160.1E-6,-91.68E-6
160.2E-6,-84.33E-6
160.2E-6,-78.41E-6
160.2E-6,-74.14E-6
160.2E-6,-72.07E-6
160.3E-6,-71.53E-6
160.3E-6,-71.40E-6
160.3E-6,-71.62E-6
160.4E-6,-71.61E-6
160.5E-6,-71.67E-6
160.7E-6,-71.59E-6
161.0E-6,-71.68E-6
161.5E-6,-71.59E-6
162.3E-6,-71.68E-6
163.7E-6,-71.58E-6
166.1E-6,-71.68E-6
170.0E-6,-71.58E-6
170.0E-6,-60.83E-6
170.0E-6,-59.90E-6
170.0E-6,-58.63E-6
170.0E-6,-57.30E-6
170.0E-6,-54.99E-6
170.0E-6,-52.13E-6
170.0E-6,-48.30E-6
170.1E-6,-45.11E-6
170.1E-6,-42.43E-6
170.1E-6,-40.65E-6
170.1E-6,-38.97E-6
170.1E-6,-37.38E-6
170.2E-6,-36.20E-6
170.2E-6,-36.71E-6
170.2E-6,-38.70E-6
170.2E-6,-43.55E-6
170.2E-6,-48.88E-6
170.3E-6,-52.76E-6
170.3E-6,-54.37E-6
170.3E-6,-54.82E-6
170.3E-6,-54.93E-6
170.4E-6,-54.99E-6
170.4E-6,-55.00E-6
170.6E-6,-55.04E-6
170.7E-6,-55.03E-6
171.0E-6,-55.06E-6
171.3E-6,-55.04E-6
172.0E-6,-55.06E-6
172.8E-6,-55.04E-6
174.2E-6,-55.06E-6
176.2E-6,-55.04E-6
178.1E-6,-55.06E-6
180.0E-6,-55.04E-6
180.0E-6,-60.11E-6
180.0E-6,-62.19E-6
180.0E-6,-65.84E-6
180.0E-6,-67.86E-6
180.0E-6,-69.85E-6
180.0E-6,-71.74E-6
180.0E-6,-74.96E-6
180.0E-6,-75.34E-6
180.0E-6,-76.09E-6
180.0E-6,-76.91E-6
180.0E-6,-78.14E-6
180.0E-6,-79.66E-6
180.0E-6,-82.20E-6
180.0E-6,-86.20E-6
180.0E-6,-91.48E-6
180.0E-6,-95.23E-6
180.1E-6,-97.65E-6
180.1E-6,-99.32E-6
180.1E-6,-99.71E-6
180.1E-6,-100.5E-6
180.1E-6,-100.9E-6
180.1E-6,-101.0E-6
180.1E-6,-100.9E-6
180.1E-6,-100.5E-6
180.1E-6,-98.60E-6
180.1E-6,-96.32E-6
180.1E-6,-91.68E-6
180.2E-6,-84.33E-6
180.2E-6,-78.41E-6
180.2E-6,-74.14E-6
180.2E-6,-72.07E-6
180.3E-6,-71.53E-6
180.3E-6,-71.40E-6
180.3E-6,-71.62E-6
180.4E-6,-71.61E-6
180.5E-6,-71.67E-6
180.7E-6,-71.59E-6
181.0E-6,-71.68E-6
181.5E-6,-71.59E-6
182.3E-6,-71.68E-6
183.7E-6,-71.58E-6
186.1E-6,-71.68E-6
190.0E-6,-71.58E-6
190.0E-6,-60.83E-6
190.0E-6,-59.90E-6
190.0E-6,-58.63E-6
190.0E-6,-57.30E-6
190.0E-6,-54.99E-6
190.0E-6,-52.13E-6
190.0E-6,-48.30E-6
190.1E-6,-45.11E-6
190.1E-6,-42.43E-6
190.1E-6,-40.65E-6
190.1E-6,-38.97E-6
190.1E-6,-37.38E-6
190.2E-6,-36.20E-6
190.2E-6,-36.71E-6
190.2E-6,-38.70E-6
190.2E-6,-43.55E-6
190.2E-6,-48.88E-6
190.3E-6,-52.76E-6
190.3E-6,-54.37E-6
190.3E-6,-54.82E-6
190.3E-6,-54.93E-6
190.4E-6,-54.99E-6
190.4E-6,-55.00E-6
190.6E-6,-55.04E-6
190.7E-6,-55.03E-6
191.0E-6,-55.06E-6
191.3E-6,-55.04E-6
192.0E-6,-55.06E-6
192.8E-6,-55.04E-6
194.2E-6,-55.06E-6
196.2E-6,-55.04E-6
198.1E-6,-55.06E-6
200.0E-6,-55.04E-6
200.0E-6,-60.11E-6
200.0E-6,-62.19E-6
200.0E-6,-65.84E-6
200.0E-6,-67.86E-6
200.0E-6,-69.85E-6
200.0E-6,-71.74E-6
200.0E-6,-74.96E-6
200.0E-6,-75.34E-6
200.0E-6,-76.09E-6
200.0E-6,-76.91E-6
200.0E-6,-78.14E-6
200.0E-6,-79.66E-6
200.0E-6,-82.20E-6
200.0E-6,-86.20E-6
200.0E-6,-91.48E-6
200.0E-6,-95.23E-6
200.1E-6,-97.65E-6
200.1E-6,-99.32E-6
200.1E-6,-99.71E-6
200.1E-6,-100.5E-6
200.1E-6,-100.9E-6
200.1E-6,-101.0E-6
200.1E-6,-100.9E-6
200.1E-6,-100.5E-6
200.1E-6,-98.60E-6
200.1E-6,-96.32E-6
200.1E-6,-91.68E-6
200.2E-6,-84.33E-6
200.2E-6,-78.41E-6
200.2E-6,-74.14E-6
200.2E-6,-72.07E-6
200.3E-6,-71.53E-6
200.3E-6,-71.40E-6
200.3E-6,-71.62E-6
200.4E-6,-71.61E-6
200.5E-6,-71.67E-6
200.7E-6,-71.59E-6
201.0E-6,-71.68E-6
201.5E-6,-71.59E-6
202.3E-6,-71.68E-6
203.7E-6,-71.58E-6
206.1E-6,-71.68E-6
210.0E-6,-71.58E-6
210.0E-6,-60.83E-6
210.0E-6,-59.90E-6
210.0E-6,-58.63E-6
210.0E-6,-57.30E-6
210.0E-6,-54.99E-6
210.0E-6,-52.13E-6
210.0E-6,-48.30E-6
210.1E-6,-45.11E-6
210.1E-6,-42.43E-6
210.1E-6,-40.65E-6
210.1E-6,-38.97E-6
210.1E-6,-37.38E-6
210.2E-6,-36.20E-6
210.2E-6,-36.71E-6
210.2E-6,-38.70E-6
210.2E-6,-43.55E-6
210.2E-6,-48.88E-6
210.3E-6,-52.76E-6
210.3E-6,-54.37E-6
210.3E-6,-54.82E-6
210.3E-6,-54.93E-6
210.4E-6,-54.99E-6
210.4E-6,-55.00E-6
210.6E-6,-55.04E-6
210.7E-6,-55.03E-6
211.0E-6,-55.06E-6
211.3E-6,-55.04E-6
212.0E-6,-55.06E-6
212.8E-6,-55.04E-6
214.2E-6,-55.06E-6
216.2E-6,-55.04E-6
218.1E-6,-55.06E-6
220.0E-6,-55.04E-6
220.0E-6,-60.11E-6
220.0E-6,-62.19E-6
220.0E-6,-65.84E-6
220.0E-6,-67.86E-6
220.0E-6,-69.85E-6
220.0E-6,-71.74E-6
220.0E-6,-74.96E-6
220.0E-6,-75.34E-6
220.0E-6,-76.09E-6
220.0E-6,-76.91E-6
220.0E-6,-78.14E-6
220.0E-6,-79.66E-6
220.0E-6,-82.20E-6
220.0E-6,-86.20E-6
220.0E-6,-91.48E-6
220.0E-6,-95.23E-6
220.1E-6,-97.65E-6
220.1E-6,-99.32E-6
220.1E-6,-99.71E-6
220.1E-6,-100.5E-6
220.1E-6,-100.9E-6
220.1E-6,-101.0E-6
220.1E-6,-100.9E-6
220.1E-6,-100.5E-6
220.1E-6,-98.60E-6
220.1E-6,-96.32E-6
220.1E-6,-91.68E-6
220.2E-6,-84.33E-6
220.2E-6,-78.41E-6
220.2E-6,-74.14E-6
220.2E-6,-72.07E-6
220.3E-6,-71.53E-6
220.3E-6,-71.40E-6
220.3E-6,-71.62E-6
220.4E-6,-71.61E-6
220.5E-6,-71.67E-6
220.7E-6,-71.59E-6
221.0E-6,-71.68E-6
221.5E-6,-71.59E-6
222.3E-6,-71.68E-6
223.7E-6,-71.58E-6
226.1E-6,-71.68E-6
230.0E-6,-71.58E-6
230.0E-6,-60.83E-6
230.0E-6,-59.90E-6
230.0E-6,-58.63E-6
230.0E-6,-57.30E-6
230.0E-6,-54.99E-6
230.0E-6,-52.13E-6
230.0E-6,-48.30E-6
230.1E-6,-45.11E-6
230.1E-6,-42.43E-6
230.1E-6,-40.65E-6
230.1E-6,-38.97E-6
230.1E-6,-37.38E-6
230.2E-6,-36.20E-6
230.2E-6,-36.71E-6
230.2E-6,-38.70E-6
230.2E-6,-43.55E-6
230.2E-6,-48.88E-6
230.3E-6,-52.76E-6
230.3E-6,-54.37E-6
230.3E-6,-54.82E-6
230.3E-6,-54.93E-6
230.4E-6,-54.99E-6
230.4E-6,-55.00E-6
230.6E-6,-55.04E-6
230.7E-6,-55.03E-6
231.0E-6,-55.06E-6
231.3E-6,-55.04E-6
232.0E-6,-55.06E-6
232.8E-6,-55.04E-6
234.2E-6,-55.06E-6
236.2E-6,-55.04E-6
238.1E-6,-55.06E-6
240.0E-6,-55.04E-6
240.0E-6,-60.11E-6
240.0E-6,-62.19E-6
240.0E-6,-65.84E-6
240.0E-6,-67.86E-6
240.0E-6,-69.85E-6
240.0E-6,-71.74E-6
240.0E-6,-74.96E-6
240.0E-6,-75.34E-6
240.0E-6,-76.09E-6
240.0E-6,-76.91E-6
240.0E-6,-78.14E-6
240.0E-6,-79.66E-6
240.0E-6,-82.20E-6
240.0E-6,-86.20E-6
240.0E-6,-91.48E-6
240.0E-6,-95.23E-6
240.1E-6,-97.65E-6
240.1E-6,-99.32E-6
240.1E-6,-99.71E-6
240.1E-6,-100.5E-6
240.1E-6,-100.9E-6
240.1E-6,-101.0E-6
240.1E-6,-100.9E-6
240.1E-6,-100.5E-6
240.1E-6,-98.60E-6
240.1E-6,-96.32E-6
240.1E-6,-91.68E-6
240.2E-6,-84.33E-6
240.2E-6,-78.41E-6
240.2E-6,-74.14E-6
240.2E-6,-72.07E-6
240.3E-6,-71.53E-6
240.3E-6,-71.40E-6
240.3E-6,-71.62E-6
240.4E-6,-71.61E-6
240.5E-6,-71.67E-6
240.7E-6,-71.59E-6
241.0E-6,-71.68E-6
241.5E-6,-71.59E-6
242.3E-6,-71.68E-6
243.7E-6,-71.58E-6
246.1E-6,-71.68E-6
250.0E-6,-71.58E-6
250.0E-6,-60.83E-6
250.0E-6,-59.90E-6
250.0E-6,-58.63E-6
250.0E-6,-57.30E-6
250.0E-6,-54.99E-6
250.0E-6,-52.13E-6
250.0E-6,-48.30E-6
250.1E-6,-45.11E-6
250.1E-6,-42.43E-6
250.1E-6,-40.65E-6
250.1E-6,-38.97E-6
250.1E-6,-37.38E-6
250.2E-6,-36.20E-6
250.2E-6,-36.71E-6
250.2E-6,-38.70E-6
250.2E-6,-43.55E-6
250.2E-6,-48.88E-6
250.3E-6,-52.76E-6
250.3E-6,-54.37E-6
250.3E-6,-54.82E-6
250.3E-6,-54.93E-6
250.4E-6,-54.99E-6
250.4E-6,-55.00E-6
250.6E-6,-55.04E-6
250.7E-6,-55.03E-6
251.0E-6,-55.06E-6
251.3E-6,-55.04E-6
252.0E-6,-55.06E-6
252.8E-6,-55.04E-6
254.2E-6,-55.06E-6
256.2E-6,-55.04E-6
258.1E-6,-55.06E-6
260.0E-6,-55.04E-6
260.0E-6,-60.11E-6
260.0E-6,-62.19E-6
260.0E-6,-65.84E-6
260.0E-6,-67.86E-6
260.0E-6,-69.85E-6
260.0E-6,-71.74E-6
260.0E-6,-74.96E-6
260.0E-6,-75.34E-6
260.0E-6,-76.09E-6
260.0E-6,-76.91E-6
260.0E-6,-78.14E-6
260.0E-6,-79.66E-6
260.0E-6,-82.20E-6
260.0E-6,-86.20E-6
260.0E-6,-91.48E-6
260.0E-6,-95.23E-6
260.1E-6,-97.65E-6
260.1E-6,-99.32E-6
260.1E-6,-99.71E-6
260.1E-6,-100.5E-6
260.1E-6,-100.9E-6
260.1E-6,-101.0E-6
260.1E-6,-100.9E-6
260.1E-6,-100.5E-6
260.1E-6,-98.60E-6
260.1E-6,-96.32E-6
260.1E-6,-91.68E-6
260.2E-6,-84.33E-6
260.2E-6,-78.41E-6
260.2E-6,-74.14E-6
260.2E-6,-72.07E-6
260.3E-6,-71.53E-6
260.3E-6,-71.40E-6
260.3E-6,-71.62E-6
260.4E-6,-71.61E-6
260.5E-6,-71.67E-6
260.7E-6,-71.59E-6
261.0E-6,-71.68E-6
261.5E-6,-71.59E-6
262.3E-6,-71.68E-6
263.7E-6,-71.58E-6
266.1E-6,-71.68E-6
270.0E-6,-71.58E-6
270.0E-6,-60.83E-6
270.0E-6,-59.90E-6
270.0E-6,-58.63E-6
270.0E-6,-57.30E-6
270.0E-6,-54.99E-6
270.0E-6,-52.13E-6
270.0E-6,-48.30E-6
270.1E-6,-45.11E-6
270.1E-6,-42.43E-6
270.1E-6,-40.65E-6
270.1E-6,-38.97E-6
270.1E-6,-37.38E-6
270.2E-6,-36.20E-6
270.2E-6,-36.71E-6
270.2E-6,-38.70E-6
270.2E-6,-43.55E-6
270.2E-6,-48.88E-6
270.3E-6,-52.76E-6
270.3E-6,-54.37E-6
270.3E-6,-54.82E-6
270.3E-6,-54.93E-6
270.4E-6,-54.99E-6
270.4E-6,-55.00E-6
270.6E-6,-55.04E-6
270.7E-6,-55.03E-6
271.0E-6,-55.06E-6
271.3E-6,-55.04E-6
272.0E-6,-55.06E-6
272.8E-6,-55.04E-6
274.2E-6,-55.06E-6
276.2E-6,-55.04E-6
278.1E-6,-55.06E-6
280.0E-6,-55.04E-6
280.0E-6,-60.11E-6
280.0E-6,-62.19E-6
280.0E-6,-65.84E-6
280.0E-6,-67.86E-6
280.0E-6,-69.85E-6
280.0E-6,-71.74E-6
280.0E-6,-74.96E-6
280.0E-6,-75.34E-6
280.0E-6,-76.09E-6
280.0E-6,-76.91E-6
280.0E-6,-78.14E-6
280.0E-6,-79.66E-6
280.0E-6,-82.20E-6
280.0E-6,-86.20E-6
280.0E-6,-91.48E-6
280.0E-6,-95.23E-6
280.1E-6,-97.65E-6
280.1E-6,-99.32E-6
280.1E-6,-99.71E-6
280.1E-6,-100.5E-6
280.1E-6,-100.9E-6
280.1E-6,-101.0E-6
280.1E-6,-100.9E-6
280.1E-6,-100.5E-6
280.1E-6,-98.60E-6
280.1E-6,-96.32E-6
280.1E-6,-91.68E-6
280.2E-6,-84.33E-6
280.2E-6,-78.41E-6
280.2E-6,-74.14E-6
280.2E-6,-72.07E-6
280.3E-6,-71.53E-6
280.3E-6,-71.40E-6
280.3E-6,-71.62E-6
280.4E-6,-71.61E-6
280.5E-6,-71.67E-6
280.7E-6,-71.59E-6
281.0E-6,-71.68E-6
281.5E-6,-71.59E-6
282.3E-6,-71.68E-6
283.7E-6,-71.58E-6
286.1E-6,-71.68E-6
290.0E-6,-71.58E-6
290.0E-6,-60.83E-6
290.0E-6,-59.90E-6
290.0E-6,-58.63E-6
290.0E-6,-57.30E-6
290.0E-6,-54.99E-6
290.0E-6,-52.13E-6
290.0E-6,-48.30E-6
290.1E-6,-45.11E-6
290.1E-6,-42.43E-6
290.1E-6,-40.65E-6
290.1E-6,-38.97E-6
290.1E-6,-37.38E-6
290.2E-6,-36.20E-6
290.2E-6,-36.71E-6
290.2E-6,-38.70E-6
290.2E-6,-43.55E-6
290.2E-6,-48.88E-6
290.3E-6,-52.76E-6
290.3E-6,-54.37E-6
290.3E-6,-54.82E-6
290.3E-6,-54.93E-6
290.4E-6,-54.99E-6
290.4E-6,-55.00E-6
290.6E-6,-55.04E-6
290.7E-6,-55.03E-6
291.0E-6,-55.06E-6
291.3E-6,-55.04E-6
292.0E-6,-55.06E-6
292.8E-6,-55.04E-6
294.2E-6,-55.06E-6
296.2E-6,-55.04E-6
298.1E-6,-55.06E-6
300.0E-6,-55.04E-6
300.0E-6,-60.11E-6
300.0E-6,-62.19E-6
300.0E-6,-65.84E-6
300.0E-6,-67.86E-6
300.0E-6,-69.85E-6
300.0E-6,-71.74E-6
300.0E-6,-74.96E-6
300.0E-6,-75.34E-6
300.0E-6,-76.09E-6
300.0E-6,-76.91E-6
300.0E-6,-78.14E-6
300.0E-6,-79.66E-6
300.0E-6,-82.20E-6
300.0E-6,-86.20E-6
300.0E-6,-91.48E-6
300.0E-6,-95.23E-6
300.1E-6,-97.65E-6
300.1E-6,-99.32E-6
300.1E-6,-99.71E-6
300.1E-6,-100.5E-6
300.1E-6,-100.9E-6
300.1E-6,-101.0E-6
300.1E-6,-100.9E-6
300.1E-6,-100.5E-6
300.1E-6,-98.60E-6
300.1E-6,-96.32E-6
300.1E-6,-91.68E-6
300.2E-6,-84.33E-6
300.2E-6,-78.41E-6
300.2E-6,-74.14E-6
300.2E-6,-72.07E-6
300.3E-6,-71.53E-6
300.3E-6,-71.40E-6
300.3E-6,-71.62E-6
300.4E-6,-71.61E-6
300.5E-6,-71.67E-6
300.7E-6,-71.59E-6
301.0E-6,-71.68E-6
301.5E-6,-71.59E-6
302.3E-6,-71.68E-6
303.7E-6,-71.58E-6
306.1E-6,-71.68E-6
310.0E-6,-71.58E-6
310.0E-6,-60.83E-6
310.0E-6,-59.90E-6
310.0E-6,-58.63E-6
310.0E-6,-57.30E-6
310.0E-6,-54.99E-6
310.0E-6,-52.13E-6
310.0E-6,-48.30E-6
310.1E-6,-45.11E-6
310.1E-6,-42.43E-6
310.1E-6,-40.65E-6
310.1E-6,-38.97E-6
310.1E-6,-37.38E-6
310.2E-6,-36.20E-6
310.2E-6,-36.71E-6
310.2E-6,-38.70E-6
310.2E-6,-43.55E-6
310.2E-6,-48.88E-6
310.3E-6,-52.76E-6
310.3E-6,-54.37E-6
310.3E-6,-54.82E-6
310.3E-6,-54.93E-6
310.4E-6,-54.99E-6
310.4E-6,-55.00E-6
310.6E-6,-55.04E-6
310.7E-6,-55.03E-6
311.0E-6,-55.06E-6
311.3E-6,-55.04E-6
312.0E-6,-55.06E-6
312.8E-6,-55.04E-6
314.2E-6,-55.06E-6
316.2E-6,-55.04E-6
318.1E-6,-55.06E-6
320.0E-6,-55.04E-6
320.0E-6,-60.11E-6
320.0E-6,-62.19E-6
320.0E-6,-65.84E-6
320.0E-6,-67.86E-6
320.0E-6,-69.85E-6
320.0E-6,-71.74E-6
320.0E-6,-74.96E-6
320.0E-6,-75.34E-6
320.0E-6,-76.09E-6
320.0E-6,-76.91E-6
320.0E-6,-78.14E-6
320.0E-6,-79.66E-6
320.0E-6,-82.20E-6
320.0E-6,-86.20E-6
320.0E-6,-91.48E-6
320.0E-6,-95.23E-6
320.1E-6,-97.65E-6
320.1E-6,-99.32E-6
320.1E-6,-99.71E-6
320.1E-6,-100.5E-6
320.1E-6,-100.9E-6
320.1E-6,-101.0E-6
320.1E-6,-100.9E-6
320.1E-6,-100.5E-6
320.1E-6,-98.60E-6
320.1E-6,-96.32E-6
320.1E-6,-91.68E-6
320.2E-6,-84.33E-6
320.2E-6,-78.41E-6
320.2E-6,-74.14E-6
320.2E-6,-72.07E-6
320.3E-6,-71.53E-6
320.3E-6,-71.40E-6
320.3E-6,-71.62E-6
320.4E-6,-71.61E-6
320.5E-6,-71.67E-6
320.7E-6,-71.59E-6
321.0E-6,-71.68E-6
321.5E-6,-71.59E-6
322.3E-6,-71.68E-6
323.7E-6,-71.58E-6
326.1E-6,-71.68E-6
330.0E-6,-71.58E-6
330.0E-6,-60.83E-6
330.0E-6,-59.90E-6
330.0E-6,-58.63E-6
330.0E-6,-57.30E-6
330.0E-6,-54.99E-6
330.0E-6,-52.13E-6
330.0E-6,-48.30E-6
330.1E-6,-45.11E-6
330.1E-6,-42.43E-6
330.1E-6,-40.65E-6
330.1E-6,-38.97E-6
330.1E-6,-37.38E-6
330.2E-6,-36.20E-6
330.2E-6,-36.71E-6
330.2E-6,-38.70E-6
330.2E-6,-43.55E-6
330.2E-6,-48.88E-6
330.3E-6,-52.76E-6
330.3E-6,-54.37E-6
330.3E-6,-54.82E-6
330.3E-6,-54.93E-6
330.4E-6,-54.99E-6
330.4E-6,-55.00E-6
330.6E-6,-55.04E-6
330.7E-6,-55.03E-6
331.0E-6,-55.06E-6
331.3E-6,-55.04E-6
332.0E-6,-55.06E-6
332.8E-6,-55.04E-6
334.2E-6,-55.06E-6
336.2E-6,-55.04E-6
338.1E-6,-55.06E-6
340.0E-6,-55.04E-6
340.0E-6,-60.11E-6
340.0E-6,-62.19E-6
340.0E-6,-65.84E-6
340.0E-6,-67.86E-6
340.0E-6,-69.85E-6
340.0E-6,-71.74E-6
340.0E-6,-74.96E-6
340.0E-6,-75.34E-6
340.0E-6,-76.09E-6
340.0E-6,-76.91E-6
340.0E-6,-78.14E-6
340.0E-6,-79.66E-6
340.0E-6,-82.20E-6
340.0E-6,-86.20E-6
340.0E-6,-91.48E-6
340.0E-6,-95.23E-6
340.1E-6,-97.65E-6
340.1E-6,-99.32E-6
340.1E-6,-99.71E-6
340.1E-6,-100.5E-6
340.1E-6,-100.9E-6
340.1E-6,-101.0E-6
340.1E-6,-100.9E-6
340.1E-6,-100.5E-6
340.1E-6,-98.60E-6
340.1E-6,-96.32E-6
340.1E-6,-91.68E-6
340.2E-6,-84.33E-6
340.2E-6,-78.41E-6
340.2E-6,-74.14E-6
340.2E-6,-72.07E-6
340.3E-6,-71.53E-6
340.3E-6,-71.40E-6
340.3E-6,-71.62E-6
340.4E-6,-71.61E-6
340.5E-6,-71.67E-6
340.7E-6,-71.59E-6
341.0E-6,-71.68E-6
341.5E-6,-71.59E-6
342.3E-6,-71.68E-6
343.7E-6,-71.58E-6
346.1E-6,-71.68E-6
350.0E-6,-71.58E-6
350.0E-6,-60.83E-6
350.0E-6,-59.90E-6
350.0E-6,-58.63E-6
350.0E-6,-57.30E-6
350.0E-6,-54.99E-6
350.0E-6,-52.13E-6
350.0E-6,-48.30E-6
350.1E-6,-45.11E-6
350.1E-6,-42.43E-6
350.1E-6,-40.65E-6
350.1E-6,-38.97E-6
350.1E-6,-37.38E-6
350.2E-6,-36.20E-6
350.2E-6,-36.71E-6
350.2E-6,-38.70E-6
350.2E-6,-43.55E-6
350.2E-6,-48.88E-6
350.3E-6,-52.76E-6
350.3E-6,-54.37E-6
350.3E-6,-54.82E-6
350.3E-6,-54.93E-6
350.4E-6,-54.99E-6
350.4E-6,-55.00E-6
350.6E-6,-55.04E-6
350.7E-6,-55.03E-6
351.0E-6,-55.06E-6
351.3E-6,-55.04E-6
352.0E-6,-55.06E-6
352.8E-6,-55.04E-6
354.2E-6,-55.06E-6
356.2E-6,-55.04E-6
358.1E-6,-55.06E-6
360.0E-6,-55.04E-6
360.0E-6,-60.11E-6
360.0E-6,-62.19E-6
360.0E-6,-65.84E-6
360.0E-6,-67.86E-6
360.0E-6,-69.85E-6
360.0E-6,-71.74E-6
360.0E-6,-74.96E-6
360.0E-6,-75.34E-6
360.0E-6,-76.09E-6
360.0E-6,-76.91E-6
360.0E-6,-78.14E-6
360.0E-6,-79.66E-6
360.0E-6,-82.20E-6
360.0E-6,-86.20E-6
360.0E-6,-91.48E-6
360.0E-6,-95.23E-6
360.1E-6,-97.65E-6
360.1E-6,-99.32E-6
360.1E-6,-99.71E-6
360.1E-6,-100.5E-6
360.1E-6,-100.9E-6
360.1E-6,-101.0E-6
360.1E-6,-100.9E-6
360.1E-6,-100.5E-6
360.1E-6,-98.60E-6
360.1E-6,-96.32E-6
360.1E-6,-91.68E-6
360.2E-6,-84.33E-6
360.2E-6,-78.41E-6
360.2E-6,-74.14E-6
360.2E-6,-72.07E-6
360.3E-6,-71.53E-6
360.3E-6,-71.40E-6
360.3E-6,-71.62E-6
360.4E-6,-71.61E-6
360.5E-6,-71.67E-6
360.7E-6,-71.59E-6
361.0E-6,-71.68E-6
361.5E-6,-71.59E-6
362.3E-6,-71.68E-6
363.7E-6,-71.58E-6
366.1E-6,-71.68E-6
370.0E-6,-71.58E-6
370.0E-6,-60.83E-6
370.0E-6,-59.90E-6
370.0E-6,-58.63E-6
370.0E-6,-57.30E-6
370.0E-6,-54.99E-6
370.0E-6,-52.13E-6
370.0E-6,-48.30E-6
370.1E-6,-45.11E-6
370.1E-6,-42.43E-6
370.1E-6,-40.65E-6
370.1E-6,-38.97E-6
370.1E-6,-37.38E-6
370.2E-6,-36.20E-6
370.2E-6,-36.71E-6
370.2E-6,-38.70E-6
370.2E-6,-43.55E-6
370.2E-6,-48.88E-6
370.3E-6,-52.76E-6
370.3E-6,-54.37E-6
370.3E-6,-54.82E-6
370.3E-6,-54.93E-6
370.4E-6,-54.99E-6
370.4E-6,-55.00E-6
370.6E-6,-55.04E-6
370.7E-6,-55.03E-6
371.0E-6,-55.06E-6
371.3E-6,-55.04E-6
372.0E-6,-55.06E-6
372.8E-6,-55.04E-6
374.2E-6,-55.06E-6
376.2E-6,-55.04E-6
378.1E-6,-55.06E-6
380.0E-6,-55.04E-6
380.0E-6,-60.11E-6
380.0E-6,-62.19E-6
380.0E-6,-65.84E-6
380.0E-6,-67.86E-6
380.0E-6,-69.85E-6
380.0E-6,-71.74E-6
380.0E-6,-74.96E-6
380.0E-6,-75.34E-6
380.0E-6,-76.09E-6
380.0E-6,-76.91E-6
380.0E-6,-78.14E-6
380.0E-6,-79.66E-6
380.0E-6,-82.20E-6
380.0E-6,-86.20E-6
380.0E-6,-91.48E-6
380.0E-6,-95.23E-6
380.1E-6,-97.65E-6
380.1E-6,-99.32E-6
380.1E-6,-99.71E-6
380.1E-6,-100.5E-6
380.1E-6,-100.9E-6
380.1E-6,-101.0E-6
380.1E-6,-100.9E-6
380.1E-6,-100.5E-6
380.1E-6,-98.60E-6
380.1E-6,-96.32E-6
380.1E-6,-91.68E-6
380.2E-6,-84.33E-6
380.2E-6,-78.41E-6
380.2E-6,-74.14E-6
380.2E-6,-72.07E-6
380.3E-6,-71.53E-6
380.3E-6,-71.40E-6
380.3E-6,-71.62E-6
380.4E-6,-71.61E-6
380.5E-6,-71.67E-6
380.7E-6,-71.59E-6
381.0E-6,-71.68E-6
381.5E-6,-71.59E-6
382.3E-6,-71.68E-6
383.7E-6,-71.58E-6
386.1E-6,-71.68E-6
390.0E-6,-71.58E-6
390.0E-6,-60.83E-6
390.0E-6,-59.90E-6
390.0E-6,-58.63E-6
390.0E-6,-57.30E-6
390.0E-6,-54.99E-6
390.0E-6,-52.13E-6
390.0E-6,-48.30E-6
390.1E-6,-45.11E-6
390.1E-6,-42.43E-6
390.1E-6,-40.65E-6
390.1E-6,-38.97E-6
390.1E-6,-37.38E-6
390.2E-6,-36.20E-6
390.2E-6,-36.71E-6
390.2E-6,-38.70E-6
390.2E-6,-43.55E-6
390.2E-6,-48.88E-6
390.3E-6,-52.76E-6
390.3E-6,-54.37E-6
390.3E-6,-54.82E-6
390.3E-6,-54.93E-6
390.4E-6,-54.99E-6
390.4E-6,-55.00E-6
390.6E-6,-55.04E-6
390.7E-6,-55.03E-6
391.0E-6,-55.06E-6
391.3E-6,-55.04E-6
392.0E-6,-55.06E-6
392.8E-6,-55.04E-6
394.2E-6,-55.06E-6
396.2E-6,-55.04E-6
398.1E-6,-55.06E-6
400.0E-6,-55.04E-6
400.0E-6,-60.11E-6
400.0E-6,-62.19E-6
400.0E-6,-65.84E-6
400.0E-6,-67.86E-6
400.0E-6,-69.85E-6
400.0E-6,-71.74E-6
400.0E-6,-74.96E-6
400.0E-6,-75.34E-6
400.0E-6,-76.09E-6
400.0E-6,-76.91E-6
400.0E-6,-78.14E-6
400.0E-6,-79.66E-6
400.0E-6,-82.20E-6
400.0E-6,-86.20E-6
400.0E-6,-91.48E-6
400.0E-6,-95.23E-6
400.1E-6,-97.65E-6
400.1E-6,-99.32E-6
400.1E-6,-99.71E-6
400.1E-6,-100.5E-6
400.1E-6,-100.9E-6
400.1E-6,-101.0E-6
400.1E-6,-100.9E-6
400.1E-6,-100.5E-6
400.1E-6,-98.60E-6
400.1E-6,-96.32E-6
400.1E-6,-91.68E-6
400.2E-6,-84.33E-6
400.2E-6,-78.41E-6
400.2E-6,-74.14E-6
400.2E-6,-72.07E-6
400.3E-6,-71.53E-6
400.3E-6,-71.40E-6
400.3E-6,-71.62E-6
400.4E-6,-71.61E-6
400.5E-6,-71.67E-6
400.7E-6,-71.59E-6
401.0E-6,-71.68E-6
401.5E-6,-71.59E-6
402.3E-6,-71.68E-6
403.7E-6,-71.58E-6
406.1E-6,-71.68E-6
410.0E-6,-71.58E-6
410.0E-6,-60.83E-6
410.0E-6,-59.90E-6
410.0E-6,-58.63E-6
410.0E-6,-57.30E-6
410.0E-6,-54.99E-6
410.0E-6,-52.13E-6
410.0E-6,-48.30E-6
410.1E-6,-45.11E-6
410.1E-6,-42.43E-6
410.1E-6,-40.65E-6
410.1E-6,-38.97E-6
410.1E-6,-37.38E-6
410.2E-6,-36.20E-6
410.2E-6,-36.71E-6
410.2E-6,-38.70E-6
410.2E-6,-43.55E-6
410.2E-6,-48.88E-6
410.3E-6,-52.76E-6
410.3E-6,-54.37E-6
410.3E-6,-54.82E-6
410.3E-6,-54.93E-6
410.4E-6,-54.99E-6
410.4E-6,-55.00E-6
410.6E-6,-55.04E-6
410.7E-6,-55.03E-6
411.0E-6,-55.06E-6
411.3E-6,-55.04E-6
412.0E-6,-55.06E-6
412.8E-6,-55.04E-6
414.2E-6,-55.06E-6
416.2E-6,-55.04E-6
418.1E-6,-55.06E-6
420.0E-6,-55.04E-6
420.0E-6,-60.11E-6
420.0E-6,-62.19E-6
420.0E-6,-65.84E-6
420.0E-6,-67.86E-6
420.0E-6,-69.85E-6
420.0E-6,-71.74E-6
420.0E-6,-74.96E-6
420.0E-6,-75.34E-6
420.0E-6,-76.09E-6
420.0E-6,-76.91E-6
420.0E-6,-78.14E-6
420.0E-6,-79.66E-6
420.0E-6,-82.20E-6
420.0E-6,-86.20E-6
420.0E-6,-91.48E-6
420.0E-6,-95.23E-6
420.1E-6,-97.65E-6
420.1E-6,-99.32E-6
420.1E-6,-99.71E-6
420.1E-6,-100.5E-6
420.1E-6,-100.9E-6
420.1E-6,-101.0E-6
420.1E-6,-100.9E-6
420.1E-6,-100.5E-6
420.1E-6,-98.60E-6
420.1E-6,-96.32E-6
420.1E-6,-91.68E-6
420.2E-6,-84.33E-6
420.2E-6,-78.41E-6
420.2E-6,-74.14E-6
420.2E-6,-72.07E-6
420.3E-6,-71.53E-6
420.3E-6,-71.40E-6
420.3E-6,-71.62E-6
420.4E-6,-71.61E-6
420.5E-6,-71.67E-6
420.7E-6,-71.59E-6
421.0E-6,-71.68E-6
421.5E-6,-71.59E-6
422.3E-6,-71.68E-6
423.7E-6,-71.58E-6
426.1E-6,-71.68E-6
430.0E-6,-71.58E-6
430.0E-6,-60.83E-6
430.0E-6,-59.90E-6
430.0E-6,-58.63E-6
430.0E-6,-57.30E-6
430.0E-6,-54.99E-6
430.0E-6,-52.13E-6
430.0E-6,-48.30E-6
430.1E-6,-45.11E-6
430.1E-6,-42.43E-6
430.1E-6,-40.65E-6
430.1E-6,-38.97E-6
430.1E-6,-37.38E-6
430.2E-6,-36.20E-6
430.2E-6,-36.71E-6
430.2E-6,-38.70E-6
430.2E-6,-43.55E-6
430.2E-6,-48.88E-6
430.3E-6,-52.76E-6
430.3E-6,-54.37E-6
430.3E-6,-54.82E-6
430.3E-6,-54.93E-6
430.4E-6,-54.99E-6
430.4E-6,-55.00E-6
430.6E-6,-55.04E-6
430.7E-6,-55.03E-6
431.0E-6,-55.06E-6
431.3E-6,-55.04E-6
432.0E-6,-55.06E-6
432.8E-6,-55.04E-6
434.2E-6,-55.06E-6
436.2E-6,-55.04E-6
438.1E-6,-55.06E-6
440.0E-6,-55.04E-6
440.0E-6,-60.11E-6
440.0E-6,-62.19E-6
440.0E-6,-65.84E-6
440.0E-6,-67.86E-6
440.0E-6,-69.85E-6
440.0E-6,-71.74E-6
440.0E-6,-74.96E-6
440.0E-6,-75.34E-6
440.0E-6,-76.09E-6
440.0E-6,-76.91E-6
440.0E-6,-78.14E-6
440.0E-6,-79.66E-6
440.0E-6,-82.20E-6
440.0E-6,-86.20E-6
440.0E-6,-91.48E-6
440.0E-6,-95.23E-6
440.1E-6,-97.65E-6
440.1E-6,-99.32E-6
440.1E-6,-99.71E-6
440.1E-6,-100.5E-6
440.1E-6,-100.9E-6
440.1E-6,-101.0E-6
440.1E-6,-100.9E-6
440.1E-6,-100.5E-6
440.1E-6,-98.60E-6
440.1E-6,-96.32E-6
440.1E-6,-91.68E-6
440.2E-6,-84.33E-6
440.2E-6,-78.41E-6
440.2E-6,-74.14E-6
440.2E-6,-72.07E-6
440.3E-6,-71.53E-6
440.3E-6,-71.40E-6
440.3E-6,-71.62E-6
440.4E-6,-71.61E-6
440.5E-6,-71.67E-6
440.7E-6,-71.59E-6
441.0E-6,-71.68E-6
441.5E-6,-71.59E-6
442.3E-6,-71.68E-6
443.7E-6,-71.58E-6
446.1E-6,-71.68E-6
450.0E-6,-71.58E-6
450.0E-6,-60.83E-6
450.0E-6,-59.90E-6
450.0E-6,-58.63E-6
450.0E-6,-57.30E-6
450.0E-6,-54.99E-6
450.0E-6,-52.13E-6
450.0E-6,-48.30E-6
450.1E-6,-45.11E-6
450.1E-6,-42.43E-6
450.1E-6,-40.65E-6
450.1E-6,-38.97E-6
450.1E-6,-37.38E-6
450.2E-6,-36.20E-6
450.2E-6,-36.71E-6
450.2E-6,-38.70E-6
450.2E-6,-43.55E-6
450.2E-6,-48.88E-6
450.3E-6,-52.76E-6
450.3E-6,-54.37E-6
450.3E-6,-54.82E-6
450.3E-6,-54.93E-6
450.4E-6,-54.99E-6
450.4E-6,-55.00E-6
450.6E-6,-55.04E-6
450.7E-6,-55.03E-6
451.0E-6,-55.06E-6
451.3E-6,-55.04E-6
452.0E-6,-55.06E-6
452.8E-6,-55.04E-6
454.2E-6,-55.06E-6
456.2E-6,-55.04E-6
458.1E-6,-55.06E-6
460.0E-6,-55.04E-6
460.0E-6,-60.11E-6
460.0E-6,-62.19E-6
460.0E-6,-65.84E-6
460.0E-6,-67.86E-6
460.0E-6,-69.85E-6
460.0E-6,-71.74E-6
460.0E-6,-74.96E-6
460.0E-6,-75.34E-6
460.0E-6,-76.09E-6
460.0E-6,-76.91E-6
460.0E-6,-78.14E-6
460.0E-6,-79.66E-6
460.0E-6,-82.20E-6
460.0E-6,-86.20E-6
460.0E-6,-91.48E-6
460.0E-6,-95.23E-6
460.1E-6,-97.65E-6
460.1E-6,-99.32E-6
460.1E-6,-99.71E-6
460.1E-6,-100.5E-6
460.1E-6,-100.9E-6
460.1E-6,-101.0E-6
460.1E-6,-100.9E-6
460.1E-6,-100.5E-6
460.1E-6,-98.60E-6
460.1E-6,-96.32E-6
460.1E-6,-91.68E-6
460.2E-6,-84.33E-6
460.2E-6,-78.41E-6
460.2E-6,-74.14E-6
460.2E-6,-72.07E-6
460.3E-6,-71.53E-6
460.3E-6,-71.40E-6
460.3E-6,-71.62E-6
460.4E-6,-71.61E-6
460.5E-6,-71.67E-6
460.7E-6,-71.59E-6
461.0E-6,-71.68E-6
461.5E-6,-71.59E-6
462.3E-6,-71.68E-6
463.7E-6,-71.58E-6
466.1E-6,-71.68E-6
470.0E-6,-71.58E-6
470.0E-6,-60.83E-6
470.0E-6,-59.90E-6
470.0E-6,-58.63E-6
470.0E-6,-57.30E-6
470.0E-6,-54.99E-6
470.0E-6,-52.13E-6
470.0E-6,-48.30E-6
470.1E-6,-45.11E-6
470.1E-6,-42.43E-6
470.1E-6,-40.65E-6
470.1E-6,-38.97E-6
470.1E-6,-37.38E-6
470.2E-6,-36.20E-6
470.2E-6,-36.71E-6
470.2E-6,-38.70E-6
470.2E-6,-43.55E-6
470.2E-6,-48.88E-6
470.3E-6,-52.76E-6
470.3E-6,-54.37E-6
470.3E-6,-54.82E-6
470.3E-6,-54.93E-6
470.4E-6,-54.99E-6
470.4E-6,-55.00E-6
470.6E-6,-55.04E-6
470.7E-6,-55.03E-6
471.0E-6,-55.06E-6
471.3E-6,-55.04E-6
472.0E-6,-55.06E-6
472.8E-6,-55.04E-6
474.2E-6,-55.06E-6
476.2E-6,-55.04E-6
478.1E-6,-55.06E-6
480.0E-6,-55.04E-6
480.0E-6,-60.11E-6
480.0E-6,-62.19E-6
480.0E-6,-65.84E-6
480.0E-6,-67.86E-6
480.0E-6,-69.85E-6
480.0E-6,-71.74E-6
480.0E-6,-74.96E-6
480.0E-6,-75.34E-6
480.0E-6,-76.09E-6
480.0E-6,-76.91E-6
480.0E-6,-78.14E-6
480.0E-6,-79.66E-6
480.0E-6,-82.20E-6
480.0E-6,-86.20E-6
480.0E-6,-91.48E-6
480.0E-6,-95.23E-6
480.1E-6,-97.65E-6
480.1E-6,-99.32E-6
480.1E-6,-99.71E-6
480.1E-6,-100.5E-6
480.1E-6,-100.9E-6
480.1E-6,-101.0E-6
480.1E-6,-100.9E-6
480.1E-6,-100.5E-6
480.1E-6,-98.60E-6
480.1E-6,-96.32E-6
480.1E-6,-91.68E-6
480.2E-6,-84.33E-6
480.2E-6,-78.41E-6
480.2E-6,-74.14E-6
480.2E-6,-72.07E-6
480.3E-6,-71.53E-6
480.3E-6,-71.40E-6
480.3E-6,-71.62E-6
480.4E-6,-71.61E-6
480.5E-6,-71.67E-6
480.7E-6,-71.59E-6
481.0E-6,-71.68E-6
481.5E-6,-71.59E-6
482.3E-6,-71.68E-6
483.7E-6,-71.58E-6
486.1E-6,-71.68E-6
490.0E-6,-71.58E-6
490.0E-6,-60.83E-6
490.0E-6,-59.90E-6
490.0E-6,-58.63E-6
490.0E-6,-57.30E-6
490.0E-6,-54.99E-6
490.0E-6,-52.13E-6
490.0E-6,-48.30E-6
490.1E-6,-45.11E-6
490.1E-6,-42.43E-6
490.1E-6,-40.65E-6
490.1E-6,-38.97E-6
490.1E-6,-37.38E-6
490.2E-6,-36.20E-6
490.2E-6,-36.71E-6
490.2E-6,-38.70E-6
490.2E-6,-43.55E-6
490.2E-6,-48.88E-6
490.3E-6,-52.76E-6
490.3E-6,-54.37E-6
490.3E-6,-54.82E-6
490.3E-6,-54.93E-6
490.4E-6,-54.99E-6
490.4E-6,-55.00E-6
490.6E-6,-55.04E-6
490.7E-6,-55.03E-6
491.0E-6,-55.06E-6
491.3E-6,-55.04E-6
492.0E-6,-55.06E-6
492.8E-6,-55.04E-6
494.2E-6,-55.06E-6
496.2E-6,-55.04E-6
498.1E-6,-55.06E-6
500.0E-6,-55.04E-6
